360731726399541250,"I'm at Zeytinburnu Tramvay DuraÄŸÄ± (Ä°stanbul, TÃ¼rkiye) http://t.co/2S5K5zMK2I",7,32,"LOCATION
"
360731726399541250,"I'm at Zeytinburnu Tramvay DuraÄŸÄ± (Ä°stanbul, TÃ¼rkiye) http://t.co/2S5K5zMK2I",35,42,"LOCATION
"
360731726399541250,"I'm at Zeytinburnu Tramvay DuraÄŸÄ± (Ä°stanbul, TÃ¼rkiye) http://t.co/2S5K5zMK2I",45,51,"LOCATION
"
360731724025585664,I'm at Marmaris Dental Office Asli- Åevket Cankurt http://t.co/o5UlOLrVv9,7,28,"LOCATION
"
360731724025585664,I'm at Marmaris Dental Office Asli- Åevket Cankurt http://t.co/o5UlOLrVv9,30,33,"PERSON
"
360731724025585664,I'm at Marmaris Dental Office Asli- Åevket Cankurt http://t.co/o5UlOLrVv9,36,49,"PERSON
"
360731722641457153,"SÄ±la seni takmÄ±yorum ,gÃ¶r",0,3,"PERSON
"
360731722553376769,"1071 de Anadolunun kapÄ±larÄ± sonuna kadar aÃ§Ä±lmÄ±ÅŸ ama son giren kapÄ±yÄ± Ã¶rtmemiÅŸ olacak ki ne kadar mal,gerizekalÄ± varsa iÃ§eriye doluÅŸmuÅŸ",0,3,"DATE
"
360731722553376769,"1071 de Anadolunun kapÄ±larÄ± sonuna kadar aÃ§Ä±lmÄ±ÅŸ ama son giren kapÄ±yÄ± Ã¶rtmemiÅŸ olacak ki ne kadar mal,gerizekalÄ± varsa iÃ§eriye doluÅŸmuÅŸ",8,14,"LOCATION
"
360731721706110976,hiÃ§ dayanmana gerek yok zaten aklÄ±na geleni yaz twitter bunun iÃ§in deÄŸilmi :D,48,54,"ORGANIZATION
"
360731721525760003,bize face yeterdi ama devir deÅŸtibeyler,5,8,"ORGANIZATION
"
360731720712060928,â€œYarÄ±n bizi Beraber GÃ¶renler kimdi o YanÄ±ndaki diye Sorarlarsa beni DetaylÄ± Anlatma. KÄ±saca; Ã–mrÃ¼mÃ¼n geri KalanÄ± Dersin...â€,1,5,"DATE
"
360731720661741568,BahcelÄ±evler deneme anadolu lÄ±sesÄ±ndeyÄ±mm,0,33,"LOCATION
"
360731979211227136,#yarÄ±ngeÃ§olmadan tepkisiz kalmayalÄ±m. ..,1,5,"DATE
"
360731978422685698,MÃ¼ge KradaÄŸ mangal yapcaz o kadar :D,0,3,"PERSON
"
360732231318249472,o zaman. AKDENÄ°Z Ã¼niversitesi akaaarrr :D,9,28,"ORGANIZATION
"
360732230340980736,halil fanayÄ± 30 kere izlemeye kararlÄ± :),0,4,"PERSON
"
360732230340980736,halil fanayÄ± 30 kere izlemeye kararlÄ± :),6,9,"MISC
"
360732229678280706,"#YenisezonformanTurkTelekomdan pierre webo attÄ±,,,,,,,,,",16,26,"ORGANIZATION
"
360732480334082049,"Terrace Lido projesinde 1 oda 1 salon daireler 370 bin dolardan, 2 oda 1 salon daireler ise 420 bin dolardan baÅŸlayan fiyatlarla satÄ±lmÄ±ÅŸ.",47,59,"MONEY
"
360732480334082049,"Terrace Lido projesinde 1 oda 1 salon daireler 370 bin dolardan, 2 oda 1 salon daireler ise 420 bin dolardan baÅŸlayan fiyatlarla satÄ±lmÄ±ÅŸ.",92,104,"MONEY
"
360732733024124929,AcizliÄŸin tanÄ±mÄ± = Tomorrowland radyo yayÄ±nÄ±yla kopmak,19,36,"ORGANIZATION
"
360732732562743296,Orman Ä°l MÃ¼dÃ¼rÃ¼ halkÄ±n duyarlÄ± olmasÄ±nÄ± istedi http://t.co/UDvtLNT7Wm,0,4,"ORGANIZATION
"
360732732525002752,KEREM ALTAN SAHALARA DÃ–NDÃœ; BAÅBAKAN BEDELÄ°NÄ° Ã–DEYECEK! http://t.co/aNgEzHET7F,0,10,"PERSON
"
360732732470468609,Herkese hayÄ±rlÄ± cumalar,16,19,"DATE
"
360732985743511552,yetiÅŸkin bir nur saatler 15.03 e geldiÄŸinde uyanÄ±r.ama arkadaÅŸlarÄ± onu hava aydÄ±nlanmadan uyandÄ±rdÄ±ÄŸÄ± iÃ§in nesli tÃ¼keniyor.sizede naaaydÄ±n.,13,15,"PERSON
"
360732985743511552,yetiÅŸkin bir nur saatler 15.03 e geldiÄŸinde uyanÄ±r.ama arkadaÅŸlarÄ± onu hava aydÄ±nlanmadan uyandÄ±rdÄ±ÄŸÄ± iÃ§in nesli tÃ¼keniyor.sizede naaaydÄ±n.,25,29,"TIME
"
360732985160511488,Twitter  seni bi tÃ¼rlÃ¼ Ã§Ã¶zemedim kb :),0,6,"ORGANIZATION
"
360733236336410624,#YenisezonformanTurkTelekomdan gÃ¶lÃ¼ pierre webo atmisti penaltidan hemide,16,26,"ORGANIZATION
"
360733236336410624,#YenisezonformanTurkTelekomdan gÃ¶lÃ¼ pierre webo atmisti penaltidan hemide,36,46,"PERSON
"
360733235937939456,"Bir gÃ¼n Sezen Aksu dinlerken Ã¶leceÄŸimi dÃ¼ÅŸÃ¼nÃ¼yorum, bunu dÃ¼ÅŸÃ¼nÃ¼rken hangi ÅŸarkÄ±da Ã¶leceÄŸim onu da dÃ¼ÅŸÃ¼nÃ¼yorum; sonrasÄ± delilik.",8,17,"PERSON
"
360733235875033088,Ã‡UBUKLUyaAÅIKGRÄ°yeSevdalÄ±                      SIYAHaMahkumuzBEÅÄ°KTAÅ..!,0,4,"LOCATION
"
360733235875033088,Ã‡UBUKLUyaAÅIKGRÄ°yeSevdalÄ±                      SIYAHaMahkumuzBEÅÄ°KTAÅ..!,61,68,"ORGANIZATION
"
360733235740807170,Birbirlerini katlederken tekbir getiren mÃ¼slÃ¼manlarÄ± gÃ¶ren kafirlere de gÃ¼n doÄŸuyor!  DiyanetinHutbesi ÃœmmeteHakarettir,86,92,"ORGANIZATION
"
360733235619184641,sen buna ÅŸarkÄ± demiÅŸsin ama bu bildiÄŸin uyuÅŸturucu #HaberinYokÃ–lÃ¼yorum,52,69,"MISC
"
360733234910334978,hayÄ±rlÄ± cumalar Allah herkezin gÃ¶nlÃ¼ne gÃ¶re versin,8,11,"DATE
"
360733233958244352,"I'm at Bezmialem VakÄ±f Ãœniversitesi Hastanesi (Ä°stanbul, TÃ¼rkiye) w/ 12 others http://t.co/omUg2IFRT1",7,44,"LOCATION
"
360733233958244352,"I'm at Bezmialem VakÄ±f Ãœniversitesi Hastanesi (Ä°stanbul, TÃ¼rkiye) w/ 12 others http://t.co/omUg2IFRT1",47,54,"LOCATION
"
360733233958244352,"I'm at Bezmialem VakÄ±f Ãœniversitesi Hastanesi (Ä°stanbul, TÃ¼rkiye) w/ 12 others http://t.co/omUg2IFRT1",57,63,"LOCATION
"
360733233807245312,"Twitterda olmasa,telefonlar Ã§almasa,arkadaslarÄ±m aramasa yaz tatili nasÄ±l geÃ§er kim bilir ?",0,6,"ORGANIZATION
"
360733233668825090,#dirensuriye iman dolu gÃ¶ÄŸsÃ¼m gibi serhaddin var,6,11,"LOCATION
"
360733232871907328,emre lerde sigara keyfiiiiiiiiiii,0,3,"PERSON
"
360733232301477892,Bu yaz da Doktorlar'Ä± izleyip bitirirsem kesin cerrah oluyorum. Kimse tutamaz artÄ±k beni.,0,5,"DATE
"
360733232301477892,Bu yaz da Doktorlar'Ä± izleyip bitirirsem kesin cerrah oluyorum. Kimse tutamaz artÄ±k beni.,10,18,"MISC
"
360733232037244928,"Unilever, Unipro'yu satÄ±yor http://t.co/HJ5k9AhtYC",0,7,"ORGANIZATION
"
360733232037244928,"Unilever, Unipro'yu satÄ±yor http://t.co/HJ5k9AhtYC",10,15,"ORGANIZATION
"
360733232012079104,"AyrÄ± ayrÄ± deÄŸil omuz omuza, 90 dakika deÄŸil Ã¶mÃ¼r boyu! #FenerbahceninBuyukTaraftari",56,65,"ORGANIZATION
"
360733229818462208,"12 milyon 253 bin 137 Ã¼cretlinin % 46,19â€™u olan 5 milyon 659 bin 607 iÅŸÃ§i, aÃ§lÄ±k sÄ±nÄ±rÄ±nÄ±n altÄ±ndaki asgari Ã¼cretle yaÅŸamaya Ã§alÄ±ÅŸÄ±yor.",33,39,"PERCENT
"
360733229680037888,DOKUZ EYLÃœL ÃœNÄ°VERSÄ°TESÄ° (Ä°ZMÄ°R)  :)),0,23,"ORGANIZATION
"
360733229680037888,DOKUZ EYLÃœL ÃœNÄ°VERSÄ°TESÄ° (Ä°ZMÄ°R)  :)),26,30,"LOCATION
"
360733229612929025,Ne zaman mesaj atmaktan veya whatsapptan yazmaktan vazgeÃ§eceksiniz a dostlar,29,36,"MISC
"
360733489773019136,Ã§ocuklarini katlederken ve aÃ§ susuz iskenceler yaparken bizim camilermizdeki DiyanetinHutbesi ÃœmmeteHakarettir,77,83,"ORGANIZATION
"
360733991978012673,Ä°yikiDoÄŸdunAslanYÃ¼rekli SabriSarÄ±oÄŸlu doÄŸum sÄ±rasÄ±nda bile hastahaneyi tutturamayan sarbi''huyum bu ne yapayÄ±m'' dedi..,24,36,"PERSON
"
360733991978012673,Ä°yikiDoÄŸdunAslanYÃ¼rekli SabriSarÄ±oÄŸlu doÄŸum sÄ±rasÄ±nda bile hastahaneyi tutturamayan sarbi''huyum bu ne yapayÄ±m'' dedi..,84,88,"PERSON
"
360733991973826560,TuÄŸÃ§e Kazaz: OruÃ§lu ve Huzurluyum http://t.co/smlodLSXnR,0,10,"PERSON
"
360734242768039936,Vapur en guzel toplu tasima araci. Kadikoy-kabatas da en guzel hat bence,35,41,"LOCATION
"
360734242768039936,Vapur en guzel toplu tasima araci. Kadikoy-kabatas da en guzel hat bence,43,49,"LOCATION
"
360734242130501632,#nobeticinankaradayiz bizde geliyoruz,10,15,"LOCATION
"
360734495642619904,Åu an iÅŸten Ã§Ä±kÄ±p eve gidip yatmak iÃ§in 1000tl verirdim. Ama 1000 tl vereceklerse de gelip Ã§alÄ±ÅŸÄ±rdÄ±m. Poff dÃ¶ndÃ¼k yine en baÅŸa:(,40,45,"MONEY
"
360734495642619904,Åu an iÅŸten Ã§Ä±kÄ±p eve gidip yatmak iÃ§in 1000tl verirdim. Ama 1000 tl vereceklerse de gelip Ã§alÄ±ÅŸÄ±rdÄ±m. Poff dÃ¶ndÃ¼k yine en baÅŸa:(,61,67,"MONEY
"
360734494598246402,"IPhone 6 kablosuz ÅŸarj olacakmÄ±ÅŸ,7 bulaÅŸÄ±k yÄ±kayabilcekmiÅŸ,8 aÃ§Ä±k kalp ameliyatÄ± yapabilcekmiÅŸ,9iyilerin dostu kÃ¶tÃ¼lerin dÃ¼ÅŸmanÄ± olcakmÄ±ÅŸ AÃ§",0,7,"MISC
"
360734494459826176,demi yi unutma dÄ±k http://t.co/LnGPwap6BV,0,3,"PERSON
"
360734493201539072,Beni Ã–yle AlÄ±ÅŸtÄ±rdÄ±n ki YokluÄŸuna ;  - Åimdi Ã–l Ä°stersen . . !,38,42,"DATE
"
360734492761133056,YÃ¼z Lira Ä°le Evlenilmez,0,7,"MONEY
"
360734490290700288,slm damla ben kartenesinin ablasl yagmur damlasl seni begenerek izliliyorum basarilarnÄ±zin devam ini diler im,4,8,"PERSON
"
360734487925100544,"YarÄ±n akÅŸam Åile DeÄŸirmen Ã‡ayÄ±rÄ± kÃ¶yÃ¼nde toplu iftar daveti var. GeÃ§en akÅŸam da Muhtar Nedim'in iftar davetine iÅŸtirak ettik, Harika oldu",0,10,"DATE
"
360734487925100544,"YarÄ±n akÅŸam Åile DeÄŸirmen Ã‡ayÄ±rÄ± kÃ¶yÃ¼nde toplu iftar daveti var. GeÃ§en akÅŸam da Muhtar Nedim'in iftar davetine iÅŸtirak ettik, Harika oldu",12,15,"LOCATION
"
360734487925100544,"YarÄ±n akÅŸam Åile DeÄŸirmen Ã‡ayÄ±rÄ± kÃ¶yÃ¼nde toplu iftar daveti var. GeÃ§en akÅŸam da Muhtar Nedim'in iftar davetine iÅŸtirak ettik, Harika oldu",17,36,"LOCATION
"
360734487925100544,"YarÄ±n akÅŸam Åile DeÄŸirmen Ã‡ayÄ±rÄ± kÃ¶yÃ¼nde toplu iftar daveti var. GeÃ§en akÅŸam da Muhtar Nedim'in iftar davetine iÅŸtirak ettik, Harika oldu",65,75,"DATE
"
360734487925100544,"YarÄ±n akÅŸam Åile DeÄŸirmen Ã‡ayÄ±rÄ± kÃ¶yÃ¼nde toplu iftar daveti var. GeÃ§en akÅŸam da Muhtar Nedim'in iftar davetine iÅŸtirak ettik, Harika oldu",87,91,"PERSON
"
360734747204390913,HAYAT BÄ°R YAZIYSA BAÅLIÄI FENERBAHÃ‡E'DÄ°R.,26,35,"ORGANIZATION
"
360734745887383552,"KonuÄŸun sÃ¶zleri kendini baÄŸlar diyen TRT, senin zibidi spikerin de 'Allah razÄ± olsun' diyor. YÄ±llardÄ±r bu Ã¼lkenin kamburusun HESAP VER TRT",37,39,"ORGANIZATION
"
360734745887383552,"KonuÄŸun sÃ¶zleri kendini baÄŸlar diyen TRT, senin zibidi spikerin de 'Allah razÄ± olsun' diyor. YÄ±llardÄ±r bu Ã¼lkenin kamburusun HESAP VER TRT",135,137,"ORGANIZATION
"
360734745488916481,"Bugune kadar milyon tane fotograf cektirmisimdir sevenlerimle. Yollasiniza benle olan fotograflarinizi varsa, eglenelim:)",0,4,"DATE
"
360734745086279685,I'm at Eymen Ä°letiÅŸim http://t.co/jhBSfIs6bt,7,20,"ORGANIZATION
"
360734743685378048,Iron Maiden konserine gidememek kadar kÃ¶tÃ¼ bir durum varsa da artÄ±k yok gibi .(:/&amp;:(/&amp;:(/&amp;:(&amp;/:(,0,10,"MISC
"
360734997717585922,Gallifrey'e taÅŸÄ±nÄ±yorum,0,8,"LOCATION
"
360734996669014016,"I'm at Miss DoÃ§ura (Manaus, AM) http://t.co/IWIB3Ce0Uk",7,17,"LOCATION
"
360734996669014016,"I'm at Miss DoÃ§ura (Manaus, AM) http://t.co/IWIB3Ce0Uk",20,25,"LOCATION
"
360734996329271297,+AÅŸkÄ±m twitter ÅŸifreni vermicek misin? -Twitter benim ÅŸifre benim !,7,13,"ORGANIZATION
"
360734996329271297,+AÅŸkÄ±m twitter ÅŸifreni vermicek misin? -Twitter benim ÅŸifre benim !,40,46,"ORGANIZATION
"
360734995368775680,"Cuma gÃ¼nÃ¼ iÅŸ Ã§Ä±kÄ±ÅŸÄ± ÅŸimdi burada olmak vardÄ± deÄŸil mi ? DatÃ§a HayÄ±bÃ¼kÃ¼ tertemiz masmavi denizi, yemyeÅŸil daÄŸlarÄ±... http://t.co/lNuhcSmihL",0,8,"DATE
"
360734995368775680,"Cuma gÃ¼nÃ¼ iÅŸ Ã§Ä±kÄ±ÅŸÄ± ÅŸimdi burada olmak vardÄ± deÄŸil mi ? DatÃ§a HayÄ±bÃ¼kÃ¼ tertemiz masmavi denizi, yemyeÅŸil daÄŸlarÄ±... http://t.co/lNuhcSmihL",20,24,"DATE
"
360734995368775680,"Cuma gÃ¼nÃ¼ iÅŸ Ã§Ä±kÄ±ÅŸÄ± ÅŸimdi burada olmak vardÄ± deÄŸil mi ? DatÃ§a HayÄ±bÃ¼kÃ¼ tertemiz masmavi denizi, yemyeÅŸil daÄŸlarÄ±... http://t.co/lNuhcSmihL",56,60,"LOCATION
"
360734995368775680,"Cuma gÃ¼nÃ¼ iÅŸ Ã§Ä±kÄ±ÅŸÄ± ÅŸimdi burada olmak vardÄ± deÄŸil mi ? DatÃ§a HayÄ±bÃ¼kÃ¼ tertemiz masmavi denizi, yemyeÅŸil daÄŸlarÄ±... http://t.co/lNuhcSmihL",62,69,"LOCATION
"
360734994311823360,Mabel Matiz - Sultan SÃ¼leyman http://t.co/gDjuw6rXhL,0,10,"PERSON
"
360734994311823360,Mabel Matiz - Sultan SÃ¼leyman http://t.co/gDjuw6rXhL,14,28,"PERSON
"
360734994160816129,Tuba kendini Ã¼zmekten baska bÄ± sey bilmez mÄ±??,0,3,"PERSON
"
360734993967890432,14.14 Turkiyemmmm â¤,0,4,"TIME
"
360734993967890432,14.14 Turkiyemmmm â¤,6,12,"LOCATION
"
360734993435222016,"I'm at BeyazÅŸehir (Kayseri, Kocasinan) http://t.co/cYUKJNKAAY",7,16,"LOCATION
"
360734993435222016,"I'm at BeyazÅŸehir (Kayseri, Kocasinan) http://t.co/cYUKJNKAAY",19,25,"LOCATION
"
360734993435222016,"I'm at BeyazÅŸehir (Kayseri, Kocasinan) http://t.co/cYUKJNKAAY",28,36,"LOCATION
"
360734992944463874,"Bir insanÄ±n nasÄ±l gÃ¼ldÃ¼ÄŸÃ¼nden terbiyesini, neye gÃ¼ldÃ¼ÄŸÃ¼nden akÄ±l seviyesini anlarsÄ±n. MevlÃ¢nÃ¢ Hazretleri",86,92,"PERSON
"
360734992546021376,BURSA CALON KAPOLRI http://t.co/dRUBg2SXYG,0,4,"LOCATION
"
360734992206270465,"Zemzem kuyusuna bakÄ±n.Bilim adamlarÄ± bakÄ±yor 1,2metre derinlikte 4bin yÄ±ldr milyarlarca insana su veriyor bitmiyor fiziksel hiÃ§bir izahÄ± yok",0,12,"LOCATION
"
360734992160145410,ahahahahhahahah dÄ±lara :DSFDF:D:DF:DFSA:DF:SDF:SDF:SFD:,16,21,"PERSON
"
360734990851522561,-AÅŸkÄ±m twitter sifreni vermicek misin? +Twitter benim ÅŸifre benim,7,13,"ORGANIZATION
"
360734990851522561,-AÅŸkÄ±m twitter sifreni vermicek misin? +Twitter benim ÅŸifre benim,40,46,"ORGANIZATION
"
360734990394331136,"""Olmaz dediÄŸin ne varsa hepsi olur. DÃ¼ÅŸmem dersin dÃ¼ÅŸersin, ÅŸaÅŸmam dersin ÅŸaÅŸarsÄ±n. Ã–ldÃ¼m der durur, yine de yaÅŸarsÄ±n."" (Hz. Mevlana)",125,131,"PERSON
"
360734989568049153,"yolum Akdeniz Ãœni. dÃ¼ÅŸtÃ¼ ilk tercihte yÄ±rttÄ±k, herkes iÃ§in hayÄ±rlÄ±sÄ± olsun bakalÄ±m...",6,17,"ORGANIZATION
"
360734989530308608,the vampire diaries'Ä±n son bÃ¶lÃ¼mÃ¼nÃ¼ tekrar izledim ve elanaya yine Ã§ok pis zÄ±tlandÄ±m.,0,18,"MISC
"
360734989530308608,the vampire diaries'Ä±n son bÃ¶lÃ¼mÃ¼nÃ¼ tekrar izledim ve elanaya yine Ã§ok pis zÄ±tlandÄ±m.,54,58,"PERSON
"
360735251573661696,I'm at Power Spor Merkezi http://t.co/FlBa6ltbfO,7,24,"LOCATION
"
360735250789314563,"FenerbahÃ§e Ãœlker ÅŸu ana kadar Bjelica, Kleiza ve Zoric transferlerini yaptÄ±. Ama en bÃ¼yÃ¼k transfer Obradovic, +++",0,15,"ORGANIZATION
"
360735250789314563,"FenerbahÃ§e Ãœlker ÅŸu ana kadar Bjelica, Kleiza ve Zoric transferlerini yaptÄ±. Ama en bÃ¼yÃ¼k transfer Obradovic, +++",30,36,"PERSON
"
360735250789314563,"FenerbahÃ§e Ãœlker ÅŸu ana kadar Bjelica, Kleiza ve Zoric transferlerini yaptÄ±. Ama en bÃ¼yÃ¼k transfer Obradovic, +++",39,44,"PERSON
"
360735250789314563,"FenerbahÃ§e Ãœlker ÅŸu ana kadar Bjelica, Kleiza ve Zoric transferlerini yaptÄ±. Ama en bÃ¼yÃ¼k transfer Obradovic, +++",49,53,"PERSON
"
360735250789314563,"FenerbahÃ§e Ãœlker ÅŸu ana kadar Bjelica, Kleiza ve Zoric transferlerini yaptÄ±. Ama en bÃ¼yÃ¼k transfer Obradovic, +++",99,107,"PERSON
"
360735249828806656,"Kivil, 21, annesi ona yeter artik diyor. Bos vakitlerinde kulaklarini deldirip saciyla ugrasiyor.",0,4,"PERSON
"
360735248214003713,SENA BENÄ°M HER SEYIIM,0,3,"PERSON
"
360735247853289472,Burcu Ã§ok iyi insan,0,4,"PERSON
"
360735247152840705,BaÅŸa dÃ¶nersek; â€œon yÄ±lda oluÅŸturulan imajâ€ kaybedilmiÅŸtir. Zaten ortada â€œimajâ€dan baÅŸka bir ÅŸey yoktu.M.BekaroÄŸlu,102,112,"PERSON
"
360735246284619776,HAYDÄ° BUGÃœN PC BAÅINDA HEM Ä°FTAR HEMDE SAHURU YAPALIM NE DERSÄ°NÄ°Z SORU Ä°ÅARTEÄ° #TurkishSoldiersWantLinkinPark,6,10,"DATE
"
360735246284619776,HAYDÄ° BUGÃœN PC BAÅINDA HEM Ä°FTAR HEMDE SAHURU YAPALIM NE DERSÄ°NÄ°Z SORU Ä°ÅARTEÄ° #TurkishSoldiersWantLinkinPark,99,108,"MISC
"
360735245886169088,"ne olurdu yerinde duraydÄ±, daha dÃ¼n kalbim ÅŸuradaydÄ± :( http://t.co/RwK5XLnkJv",32,34,"DATE
"
360735245751959552,GÃ¼lÅŸen bubikoÄŸlunu deli gibi kÄ±skandÄ±ÄŸÄ±mÄ± sÃ¶ylemiÅŸ miydim ?,0,15,"PERSON
"
360735245630308352,Poyrazla birlikte trt Ã§ocuÄŸu izliyoruz :D,0,5,"PERSON
"
360735245630308352,Poyrazla birlikte trt Ã§ocuÄŸu izliyoruz :D,18,20,"ORGANIZATION
"
360735243453468673,Esed amca benim Ã¼zerime bomba attÄ± artÄ±k parmaklarÄ±mla kalem tutamayacaÄŸÄ±m. http://t.co/BSb9UVPl8v,0,3,"PERSON
"
360735243348615169,"Gizli aÃ§Ä±k Ã§ok sadaka verin ki, rÄ±zkÄ±nÄ±z bollaÅŸsÄ±n, yardÄ±ma mazhar olun ve duanÄ±z kabul edilsin.[Ä°bni Mace] #Hadis",97,105,"PERSON
"
360735243243761664,ÅŸimdilik iÃ§ hukuk yollarÄ±nÄ± zorluyorum..,0,4,"DATE
"
360735243021455360,"HiÃ§bir komisyon, HayÄ±r yayÄ±lÄ±r, No marjÄ±:% 100 GToptions ile Para Matchbonus-Make alÄ±n! Åimdi KatÄ±l: http://t.co/GaZZjZI1T4",41,45,"PERCENT
"
360735243021455360,"HiÃ§bir komisyon, HayÄ±r yayÄ±lÄ±r, No marjÄ±:% 100 GToptions ile Para Matchbonus-Make alÄ±n! Åimdi KatÄ±l: http://t.co/GaZZjZI1T4",88,92,"DATE
"
360735242656550913,Ps cafede yakisiklilar hep fifa oynuyo kurtler pes,27,30,"MISC
"
360735242656550913,Ps cafede yakisiklilar hep fifa oynuyo kurtler pes,47,49,"MISC
"
360735753518596096,Gezine gezine doÄŸuracaÄŸÄ±z! #direnhamile  ..MUSTAFA KEMAL ASKERLERÄ° GELÄ°YOR,43,55,"PERSON
"
360735752218361856,SGK'dan Fark MÃ¼jdesi! - DÃ¼zce Parantez Gazetesi -http://t.co/ny5MvomkSO,0,2,"ORGANIZATION
"
360735752218361856,SGK'dan Fark MÃ¼jdesi! - DÃ¼zce Parantez Gazetesi -http://t.co/ny5MvomkSO,24,46,"ORGANIZATION
"
360735752193179649,BaÅŸkanlÄ±ÄŸÄ±mÄ±z bugÃ¼nkÃ¼ hutbe ile mezhepÃ§ilik fitnesi sebebiyle bÃ¶lgemizde yaÅŸanan kardeÅŸ kavgasÄ±nÄ±n yanlÄ±ÅŸlÄ±ÄŸÄ±na iÅŸaret etmiÅŸtir.,14,18,"DATE
"
360735750951682050,DÃ¼nyanÄ±n anlamÄ± 19:07,16,20,"TIME
"
360735748216979458,"SÄ±r gibi seversen eÄŸer, muradÄ±n gerÃ§ekleÅŸir. Ã‡Ã¼nkÃ¼ tohum, topraÄŸa gizlenirse yeÅŸerir. | Hz. Mevlana",92,98,"PERSON
"
360735747629785088,YÃ¼rÃ¼yÃ¼ÅŸ yolunun baÅŸÄ±ndan hacÄ±oÄŸluna kadarki gereksiz trafik yoÄŸunluÄŸunu anlamÄ±yorum arkadaÅŸ ya,25,32,"LOCATION
"
360735746610569216,Bence DÃ¼ÄŸÃ¼n konvoyunda kornaya basmak veya konvoy yapmakta yasaklanmalÄ±! Ne biliyim bunu da tahrik olarak adlandÄ±rÄ±rlar ÅŸimdi! #direnhamile,120,124,"DATE
"
360735746577022976,"Cambridge dÃ¼ÅŸesi Kate Middleton'Ä±n taktÄ±ÄŸÄ± Givenchy SGV773_Z42 sadece Oasis Bodrum, Ä°stinye Park ve Trump AVM'dedir. http://t.co/CwZlFeiMd9",0,8,"LOCATION
"
360735746577022976,"Cambridge dÃ¼ÅŸesi Kate Middleton'Ä±n taktÄ±ÄŸÄ± Givenchy SGV773_Z42 sadece Oasis Bodrum, Ä°stinye Park ve Trump AVM'dedir. http://t.co/CwZlFeiMd9",17,30,"PERSON
"
360735746577022976,"Cambridge dÃ¼ÅŸesi Kate Middleton'Ä±n taktÄ±ÄŸÄ± Givenchy SGV773_Z42 sadece Oasis Bodrum, Ä°stinye Park ve Trump AVM'dedir. http://t.co/CwZlFeiMd9",43,50,"MISC
"
360735746577022976,"Cambridge dÃ¼ÅŸesi Kate Middleton'Ä±n taktÄ±ÄŸÄ± Givenchy SGV773_Z42 sadece Oasis Bodrum, Ä°stinye Park ve Trump AVM'dedir. http://t.co/CwZlFeiMd9",70,81,"LOCATION
"
360735746577022976,"Cambridge dÃ¼ÅŸesi Kate Middleton'Ä±n taktÄ±ÄŸÄ± Givenchy SGV773_Z42 sadece Oasis Bodrum, Ä°stinye Park ve Trump AVM'dedir. http://t.co/CwZlFeiMd9",84,95,"LOCATION
"
360735746577022976,"Cambridge dÃ¼ÅŸesi Kate Middleton'Ä±n taktÄ±ÄŸÄ± Givenchy SGV773_Z42 sadece Oasis Bodrum, Ä°stinye Park ve Trump AVM'dedir. http://t.co/CwZlFeiMd9",100,108,"LOCATION
"
360735745272590336,Sevgili eros oku moku boÅŸver ÅŸimdi.PompalÄ±yla vur beni.Ã‡ok caresizim.,8,11,"PERSON
"
360735745272590336,Sevgili eros oku moku boÅŸver ÅŸimdi.PompalÄ±yla vur beni.Ã‡ok caresizim.,29,33,"DATE
"
360735745092222979,Twitter sayesinde Ã§ocuk ego patlamasÄ± yaÅŸÄ±yor twitter'dan Ã§Ä±kÄ±nca ise abbas.,0,6,"ORGANIZATION
"
360735745092222979,Twitter sayesinde Ã§ocuk ego patlamasÄ± yaÅŸÄ±yor twitter'dan Ã§Ä±kÄ±nca ise abbas.,46,52,"ORGANIZATION
"
360735745092222979,Twitter sayesinde Ã§ocuk ego patlamasÄ± yaÅŸÄ±yor twitter'dan Ã§Ä±kÄ±nca ise abbas.,70,74,"PERSON
"
360735743796199425,Eminem dinlemiyor olabilirsin ama gelip Eminem illuminati Ã¼yesi falan dersen ben de senin zekandan ÅŸÃ¼phe ederim,0,5,"PERSON
"
360735743796199425,Eminem dinlemiyor olabilirsin ama gelip Eminem illuminati Ã¼yesi falan dersen ben de senin zekandan ÅŸÃ¼phe ederim,40,45,"PERSON
"
360735741405446144,"""Mondial Ä°le HaftanÄ±n MÃ¼kemmeli"" kaldÄ±ÄŸÄ± yerden tÃ¼m hÄ±zÄ±yla devam ediyor! http://t.co/Bkw5g7zODY",1,30,"MISC
"
360736004707069953,ÃŸilmiyorum  yahu sanÄ±rÄ±m cubuk kraker :p #5LiramOlsaydÄ±,42,46,"MONEY
"
360736004459593728,hayatÄ±mda Ã¶nemli bir deÄŸiÅŸiklik yapÄ±p bugÃ¼n oturma odasÄ±nÄ±n kanepesine uzandÄ±m.,38,42,"DATE
"
360736003926917121,Berken'le Hazal arasÄ±nda miras kavgasÄ± Ã§Ä±kmÄ±ÅŸ Berken katlarÄ±n yarÄ±sÄ±nÄ± kapmÄ±ÅŸ ÅŸimdiden.,0,5,"PERSON
"
360736003926917121,Berken'le Hazal arasÄ±nda miras kavgasÄ± Ã§Ä±kmÄ±ÅŸ Berken katlarÄ±n yarÄ±sÄ±nÄ± kapmÄ±ÅŸ ÅŸimdiden.,10,14,"PERSON
"
360736003926917121,Berken'le Hazal arasÄ±nda miras kavgasÄ± Ã§Ä±kmÄ±ÅŸ Berken katlarÄ±n yarÄ±sÄ±nÄ± kapmÄ±ÅŸ ÅŸimdiden.,46,51,"PERSON
"
360736003926917121,Berken'le Hazal arasÄ±nda miras kavgasÄ± Ã§Ä±kmÄ±ÅŸ Berken katlarÄ±n yarÄ±sÄ±nÄ± kapmÄ±ÅŸ ÅŸimdiden.,78,82,"DATE
"
360736003222286338,manavgat merkezde yangÄ±n Ã§ok korkuttu,0,14,"LOCATION
"
360736003188736001,HÃ¼seyin Ã‡elik: bla bla ben kusayÄ±m sen ye .bla bla bla.. hÄ±Ä±Ä± Ã§ok da Ã¶yle canÄ±m hÄ±Ä±. bla bla,0,12,"PERSON
"
360736257292238848,Isparta/Gelendost yolcusu kalmasÄ±n..,0,6,"LOCATION
"
360736257292238848,Isparta/Gelendost yolcusu kalmasÄ±n..,8,16,"LOCATION
"
360736256801513474,Ali Ä°smail Korkmazâ€™Ä±n abisi GÃ¼rkan Korkmaz: Davalar Ã§ok yavaÅŸ ilerliyor. Delillerin karartÄ±ldÄ±ÄŸÄ± ÅŸÃ¼phesi iÃ§indeyiz.,0,17,"PERSON
"
360736256801513474,Ali Ä°smail Korkmazâ€™Ä±n abisi GÃ¼rkan Korkmaz: Davalar Ã§ok yavaÅŸ ilerliyor. Delillerin karartÄ±ldÄ±ÄŸÄ± ÅŸÃ¼phesi iÃ§indeyiz.,28,41,"PERSON
"
360736255400615937,"""Ak Parti Osmangaziâ€™den Suriyelilere Ramazan YardÄ±mÄ± #bursa"" AK Parti Osmangazi Ä°lÃ§e BaÅŸkanlÄ±ÄŸÄ±, iÃ§ savaÅŸtan do... http://t.co/WnO1OtvU3Z",1,8,"ORGANIZATION
"
360736255400615937,"""Ak Parti Osmangaziâ€™den Suriyelilere Ramazan YardÄ±mÄ± #bursa"" AK Parti Osmangazi Ä°lÃ§e BaÅŸkanlÄ±ÄŸÄ±, iÃ§ savaÅŸtan do... http://t.co/WnO1OtvU3Z",10,18,"LOCATION
"
360736255400615937,"""Ak Parti Osmangaziâ€™den Suriyelilere Ramazan YardÄ±mÄ± #bursa"" AK Parti Osmangazi Ä°lÃ§e BaÅŸkanlÄ±ÄŸÄ±, iÃ§ savaÅŸtan do... http://t.co/WnO1OtvU3Z",24,29,"LOCATION
"
360736255400615937,"""Ak Parti Osmangaziâ€™den Suriyelilere Ramazan YardÄ±mÄ± #bursa"" AK Parti Osmangazi Ä°lÃ§e BaÅŸkanlÄ±ÄŸÄ±, iÃ§ savaÅŸtan do... http://t.co/WnO1OtvU3Z",54,58,"LOCATION
"
360736255400615937,"""Ak Parti Osmangaziâ€™den Suriyelilere Ramazan YardÄ±mÄ± #bursa"" AK Parti Osmangazi Ä°lÃ§e BaÅŸkanlÄ±ÄŸÄ±, iÃ§ savaÅŸtan do... http://t.co/WnO1OtvU3Z",61,94,"ORGANIZATION
"
360736254163296256,Dakikada 70 Ã§ekirdek Ã§itliyebiliyor musun? CevabÄ±n hayirsa Pembe'ye saygÄ± duymalisin,59,63,"PERSON
"
360736254079422464,Ä°stanbul Ä°zmir OtobÃ¼s Bileti 50 TL'den baÅŸlayan fiyatlarla! 70 otobÃ¼s firmasÄ± burada https://t.co/TgpCzueDY6 http://t.co/kUNvXDYYUU,0,7,"LOCATION
"
360736254079422464,Ä°stanbul Ä°zmir OtobÃ¼s Bileti 50 TL'den baÅŸlayan fiyatlarla! 70 otobÃ¼s firmasÄ± burada https://t.co/TgpCzueDY6 http://t.co/kUNvXDYYUU,9,13,"LOCATION
"
360736254079422464,Ä°stanbul Ä°zmir OtobÃ¼s Bileti 50 TL'den baÅŸlayan fiyatlarla! 70 otobÃ¼s firmasÄ± burada https://t.co/TgpCzueDY6 http://t.co/kUNvXDYYUU,29,33,"MONEY
"
360736253316050945,Turkiye icin mektup yazan oscarlik zottirikler. O mektubu MÄ±sÄ±r Filistin ve diÄŸer zulme uÄŸrayanlar icin yazsaydÄ±nÄ±z. AdamÄ±n dibi idiniz.,0,6,"LOCATION
"
360736253316050945,Turkiye icin mektup yazan oscarlik zottirikler. O mektubu MÄ±sÄ±r Filistin ve diÄŸer zulme uÄŸrayanlar icin yazsaydÄ±nÄ±z. AdamÄ±n dibi idiniz.,58,62,"LOCATION
"
360736253316050945,Turkiye icin mektup yazan oscarlik zottirikler. O mektubu MÄ±sÄ±r Filistin ve diÄŸer zulme uÄŸrayanlar icin yazsaydÄ±nÄ±z. AdamÄ±n dibi idiniz.,64,71,"LOCATION
"
360736252049362946,Bu gÃ¼nÃ¼n dinleri yarÄ±nÄ±n mitolojileridir.,0,5,"DATE
"
360736252049362946,Bu gÃ¼nÃ¼n dinleri yarÄ±nÄ±n mitolojileridir.,17,21,"DATE
"
360736251420237824,"I'm at KadÄ±kÃ¶y (Ä°stanbul, TÃ¼rkiye) w/ 260 others http://t.co/VkDmToIVYf",7,13,"LOCATION
"
360736251420237824,"I'm at KadÄ±kÃ¶y (Ä°stanbul, TÃ¼rkiye) w/ 260 others http://t.co/VkDmToIVYf",16,23,"LOCATION
"
360736251420237824,"I'm at KadÄ±kÃ¶y (Ä°stanbul, TÃ¼rkiye) w/ 260 others http://t.co/VkDmToIVYf",26,32,"LOCATION
"
360736251403452416,Avea inÅŸallah paketi yenileyeceksin..,0,3,"ORGANIZATION
"
360736250828824576,Cardozo gel daaa artik,0,6,"PERSON
"
360736249566334977,Ve nolur perperoglu gelsin,9,18,"PERSON
"
360736248928808961,KÄ±l bile dÃ¶ndÃ¼ de sen dÃ¶nmedin domestos bahar ferahlÄ±ÄŸÄ± kokulu yarim,31,38,"MISC
"
360736247825698816,Cok sÃ¼kÃ¼r bu ayda internet pakedimizi yenileyebildik :D:d,10,14,"DATE
"
360736247242690561,Emre can alinirsa cok iyi olur fm13 deki en iyi en iyi yetisen oyunculardan biri,0,7,"PERSON
"
360736247242690561,Emre can alinirsa cok iyi olur fm13 deki en iyi en iyi yetisen oyunculardan biri,31,34,"MISC
"
360736246106034178,"â€œÄ°nsanÄ±n dini, arkadaÅŸÄ±nÄ±n dini gibidir. Herkes kiminle arkadaÅŸlÄ±k ettiÄŸine baksÄ±n!â€ | Hz. Muhammed (s.a.v.)",91,98,"PERSON
"
360736245254590464,Gamze isminden hep nefret ederdim zaten,0,4,"PERSON
"
360736244751278081,"Herkes dahidir. Ama bir balÄ±k, aÄŸaca tÄ±rmanma yetisine gÃ¶re yargÄ±lanÄ±rsa, tÃ¼m hayatÄ±nÄ± aptal olduÄŸuna inanarak geÃ§irir. / Einstein""",122,129,"PERSON
"
360736242746408961,Sonunda geldi telefon Ã§ok hÄ±zlÄ±sÄ±n bimeks ;),35,40,"ORGANIZATION
"
360736242666708993,sarisinimi cok Ã¶zledimmmm - kÃ¼bos,28,32,"PERSON
"
360736242326962176,"Facebook'ta "" giyinik Ã§Ä±plaklarÄ± gÃ¶rmemek iÃ§in yazÄ±n gelmesini istemeyen iffetli erkekler."" Diye grup olduÄŸunu biliyor muydunuz?",0,7,"ORGANIZATION
"
360736506857521152,Fatma teyzenin kahvaltÄ± konusu ise alacaÄŸÄ± puan ve yarÄ±ÅŸmaya devam etmesi...,0,4,"PERSON
"
360736506572308480,#nÃ¶beticinankaradayiz sonuÃ§ ne olursa olsun birliÄŸimiz bozulmasÄ±n.,10,15,"LOCATION
"
360736506488422400,"efenim ÅŸimdi, top yuvarlaktÄ±r. mamafih ebem mimar olamadÄ±ÄŸÄ± iÃ§in biz onu Ã¼Ã§gen telakki edebiliriz. hÃ¼loooÄŸÄŸÄŸÄŸ.",7,11,"DATE
"
360736757827915776,I'm at YapÄ± Kredi Bankasi KÃ¶prÃ¼baÅŸÄ± Åubesi http://t.co/3lMBMl9FlD,7,24,"ORGANIZATION
"
360736757827915776,I'm at YapÄ± Kredi Bankasi KÃ¶prÃ¼baÅŸÄ± Åubesi http://t.co/3lMBMl9FlD,26,34,"LOCATION
"
360736756708016128,MÃ¼barek Ramazan CumasÄ±nda hani ona buna bulaÅŸmayayÄ±m diyorum ama bu kadar da olmak ki mÃ¼barek https://t.co/jKIrFZXH9a,16,19,"DATE
"
360737011809779712,Ferrarim yok ama senin iÃ§in papatya Ã§alabilirim..,0,6,"MISC
"
360737011730092034,Ä°tÃ¼'ler BoÄŸaziÃ§i'ler YÄ±ldÄ±z'lar havada uÃ§uÅŸuyo lan.. Neyse ben ders Ã§alÄ±ÅŸmaya gidiyorum.,0,2,"ORGANIZATION
"
360737011730092034,Ä°tÃ¼'ler BoÄŸaziÃ§i'ler YÄ±ldÄ±z'lar havada uÃ§uÅŸuyo lan.. Neyse ben ders Ã§alÄ±ÅŸmaya gidiyorum.,8,15,"ORGANIZATION
"
360737011730092034,Ä°tÃ¼'ler BoÄŸaziÃ§i'ler YÄ±ldÄ±z'lar havada uÃ§uÅŸuyo lan.. Neyse ben ders Ã§alÄ±ÅŸmaya gidiyorum.,21,26,"ORGANIZATION
"
360737010752835584,I'm at GÃ¼mÃ¼ÅŸkum PlajÄ± (Didim) http://t.co/eZI0e88GfB,7,20,"LOCATION
"
360737010752835584,I'm at GÃ¼mÃ¼ÅŸkum PlajÄ± (Didim) http://t.co/eZI0e88GfB,23,27,"LOCATION
"
360737009469370369,TRANSFER// LUKA ZORIC FENERBAHÃ‡E ÃœLKER'DE !,11,20,"PERSON
"
360737009469370369,TRANSFER// LUKA ZORIC FENERBAHÃ‡E ÃœLKER'DE !,22,37,"ORGANIZATION
"
360737008483700737,"""KadÄ±nlara ancak asalet ve ÅŸeref sahibi kimse deÄŸer verir. OnlarÄ± ancak kÃ¶tÃ¼ ve aÅŸaÄŸÄ±lÄ±k kimseler hor gÃ¶rÃ¼r.""  Hz. Muhammed (S.A.V)",115,122,"PERSON
"
360737008437559296,manavgatta tÃ¼rkbeleni yandÄ±,0,7,"LOCATION
"
360737008437559296,manavgatta tÃ¼rkbeleni yandÄ±,11,20,"LOCATION
"
360737007879733248,#direnhamile ne salak insanlar varya sanki TÃ¼rkiyede herkes bÃ¶yle dÃ¼ÅŸÃ¼nÃ¼yor,43,49,"LOCATION
"
360737006529159168,Veee Mert'in kafa yine gider cocuk iki dakka mantÄ±klÄ± konuÅŸuyo gerisi hep saÃ§ma salak :D,5,8,"PERSON
"
360737006218784771,#OneMinuteKoÃ§ SEN AÄAÃ‡ KESÄ°P Ã‡EVRE EYLEMÄ°NE KATILACAKSIN.SEN KAÃ‡AKCILIK YAPIP ZENGÄ°NLEÅECEKSÄ°N BÄ°Z DE SUSACAKMIYIZ.BENCE AVUCUNU YALARSIN,10,12,"ORGANIZATION
"
360737005241503744,"HaftanÄ±n 'AÅŸktan da ÃœstÃ¼n' filmi, W.S.Van Dyke'Ä±n yÃ¶nettiÄŸi ""Tarzan Maymun Adam"" (1932). Okan ArpaÃ§ yazdÄ±. http://t.co/jfaBAzZ4pv",10,24,"MISC
"
360737005241503744,"HaftanÄ±n 'AÅŸktan da ÃœstÃ¼n' filmi, W.S.Van Dyke'Ä±n yÃ¶nettiÄŸi ""Tarzan Maymun Adam"" (1932). Okan ArpaÃ§ yazdÄ±. http://t.co/jfaBAzZ4pv",34,45,"PERSON
"
360737005241503744,"HaftanÄ±n 'AÅŸktan da ÃœstÃ¼n' filmi, W.S.Van Dyke'Ä±n yÃ¶nettiÄŸi ""Tarzan Maymun Adam"" (1932). Okan ArpaÃ§ yazdÄ±. http://t.co/jfaBAzZ4pv",61,78,"MISC
"
360737005241503744,"HaftanÄ±n 'AÅŸktan da ÃœstÃ¼n' filmi, W.S.Van Dyke'Ä±n yÃ¶nettiÄŸi ""Tarzan Maymun Adam"" (1932). Okan ArpaÃ§ yazdÄ±. http://t.co/jfaBAzZ4pv",82,85,"DATE
"
360737005241503744,"HaftanÄ±n 'AÅŸktan da ÃœstÃ¼n' filmi, W.S.Van Dyke'Ä±n yÃ¶nettiÄŸi ""Tarzan Maymun Adam"" (1932). Okan ArpaÃ§ yazdÄ±. http://t.co/jfaBAzZ4pv",89,98,"PERSON
"
360737767199735808,"Benim yine ""beirut ÅŸarkÄ±larÄ±"" diye bi ruh halim oluÅŸtu",12,17,"LOCATION
"
360737766654484480,"MEB YÃ¶netici atama ne oldu,merakla bekliyoruz",0,2,"ORGANIZATION
"
360737765631078401,SarÄ±mm yildiz teknige gidiyorsun...hayallerin gercek oldu...ama benden gidiyorsun....annesinin yavrusuu,7,19,"ORGANIZATION
"
360738018031714304,SabahÄ±n onunda sokaÄŸÄ±mÄ±n basÄ±nda beklÄ±yo olan askÄ±ma seslenÄ±yorum bÄ±tanesÄ±n :),0,10,"DATE
"
360738017662611456,I'm at Balikesir Belediye Spor Tesisleri http://t.co/KhGT7PXIfW,7,39,"LOCATION
"
360738016639188992,BU HABERÄ°N AYNISINI TAYYÄ°P Ä°Ã‡Ä°N GÃ–RMEK Ä°STÄ°YORUM.MURSÄ°'YE HAPÄ°S! â•šâ–º http://t.co/wZjSKBFJzs,20,25,"PERSON
"
360738016639188992,BU HABERÄ°N AYNISINI TAYYÄ°P Ä°Ã‡Ä°N GÃ–RMEK Ä°STÄ°YORUM.MURSÄ°'YE HAPÄ°S! â•šâ–º http://t.co/wZjSKBFJzs,49,53,"PERSON
"
360738016144265216,yarÄ±n sabah kÄ±yÄ±kÃ¶y bizi beklerr,0,10,"DATE
"
360738016144265216,yarÄ±n sabah kÄ±yÄ±kÃ¶y bizi beklerr,12,18,"LOCATION
"
360738015032770560,twitter ablemi neden kuÅŸ olduÄŸunu anladÄ±m kuÅŸlar kadar Ã¶zgÃ¼rÃ¼z,0,6,"ORGANIZATION
"
360738013799645184,#SoruCevapÄ°stiyoruzHilmi c,19,23,"PERSON
"
360738013547986945,Ne saÃ§ma salak birÅŸey tarihi eser stat duvarÄ±ndan Ã§Ä±kar mÄ±? BEÅÄ°KTAÅKK stat yapÄ±mÄ±nÄ± durduramayacaksÄ±nÄ±z.,60,67,"ORGANIZATION
"
360738270767886336,Ä°zmire giderken arabayÄ± ben kullanÄ±yorum hÄ±ppaaa,0,4,"LOCATION
"
360738270004518912,"#ayrÄ±lmazikilinizi YAZIN DEDÄ°NÄ°Z BENDE YAZIYORUM SÄ°YAH-BEYAZ , BEN-BEÅÄ°KTAÅ",67,74,"ORGANIZATION
"
360738521570492416,I'm at Gazelle GÃ¶lcÃ¼k KÄ±r Gazinosu (GÃ¶lcÃ¼k) http://t.co/XSiPBBTFKl,7,33,"LOCATION
"
360738521570492416,I'm at Gazelle GÃ¶lcÃ¼k KÄ±r Gazinosu (GÃ¶lcÃ¼k) http://t.co/XSiPBBTFKl,36,41,"LOCATION
"
360738521201385472,Marilyn Manson hiÃ§ tarzÄ±m deÄŸil ama New Shit Ã§ok iyi yahu !,0,13,"PERSON
"
360738520295407617,yeni eylem planlarÄ± iÃ§in #nobeticinankaradayiz,35,40,"LOCATION
"
360738773513928706,"AraÅŸtÄ±rmalarÄ±ma gÃ¶re,Ramazanda en popÃ¼ler ÅŸarkÄ±; SusadÄ±m Ã§eÅŸmeye :D",49,63,"MISC
"
360738773060960257,"Istanbula gidiyorum, pazar akcakocaya arabayla doneceklere katilabilirim.. Belesci babanizdir.",0,7,"LOCATION
"
360738773060960257,"Istanbula gidiyorum, pazar akcakocaya arabayla doneceklere katilabilirim.. Belesci babanizdir.",21,25,"DATE
"
360738773060960257,"Istanbula gidiyorum, pazar akcakocaya arabayla doneceklere katilabilirim.. Belesci babanizdir.",27,34,"LOCATION
"
360738773031591938,Karasu da bir patlama sesi daha jetler sahili bombalicak sonunda yanlislikla yaptik ayagna ramazanda denize giriyoruz diye,0,5,"LOCATION
"
360739026405298179,12 eylul anilari- imam hutbe okuyor her hutbe m.k.ataturk ruhuna el fatiha ile basliyor.. imam kemalleri karistiriyor..kemal turkler ruhuna.,0,7,"DATE
"
360739026405298179,12 eylul anilari- imam hutbe okuyor her hutbe m.k.ataturk ruhuna el fatiha ile basliyor.. imam kemalleri karistiriyor..kemal turkler ruhuna.,46,56,"PERSON
"
360739026405298179,12 eylul anilari- imam hutbe okuyor her hutbe m.k.ataturk ruhuna el fatiha ile basliyor.. imam kemalleri karistiriyor..kemal turkler ruhuna.,95,99,"PERSON
"
360739026405298179,12 eylul anilari- imam hutbe okuyor her hutbe m.k.ataturk ruhuna el fatiha ile basliyor.. imam kemalleri karistiriyor..kemal turkler ruhuna.,119,131,"PERSON
"
360739025780359170,bu akÅŸam 3+1 var huhhuuu :DD,0,7,"DATE
"
360739277165957121,KasÄ±mpaÅŸa.. Ä°lelebet Ä°nÃ¶nÃ¼â€™dÃ¼r  YÄ±lmaz Ã–ZDÄ°L gÃ¼zel yazmÄ±ÅŸ. http://t.co/T1Cj1wmwot,0,8,"LOCATION
"
360739277165957121,KasÄ±mpaÅŸa.. Ä°lelebet Ä°nÃ¶nÃ¼â€™dÃ¼r  YÄ±lmaz Ã–ZDÄ°L gÃ¼zel yazmÄ±ÅŸ. http://t.co/T1Cj1wmwot,21,25,"PERSON
"
360739277165957121,KasÄ±mpaÅŸa.. Ä°lelebet Ä°nÃ¶nÃ¼â€™dÃ¼r  YÄ±lmaz Ã–ZDÄ°L gÃ¼zel yazmÄ±ÅŸ. http://t.co/T1Cj1wmwot,32,43,"PERSON
"
360739276654252032,angaryalara karÅŸÄ± olduÄŸumuzdan dolayÄ± #nobeticinankaradayiz,48,53,"LOCATION
"
360739529780494336,twitter cok yavaÅŸ,0,6,"ORGANIZATION
"
360739529394618369,MuratBoz ÃœÃ§ArtÄ±Bire KonukOlsun,0,7,"PERSON
"
360739529394618369,MuratBoz ÃœÃ§ArtÄ±Bire KonukOlsun,9,17,"MISC
"
360739529075867648,Boss ayarlasin isi birde bodrum gelirse aman tanrim,25,30,"LOCATION
"
360739527859507200,Cok sicak hayirlisiyla bugunude atlatsaydik iyiydi,23,27,"DATE
"
360739779068964865,Eceme kavuÅŸtum yaÅŸasÄ±Ä±Ä±Ä±n,0,2,"PERSON
"
360739779052191744,Yaz tatilim olmuÅŸ dizimag siz hala neyin var diye sorun.,18,24,"MISC
"
360739779027017729,Allah'Ä±m Sen BÃ¼gÃ¼n Cuma NamazÄ±nda HocamÄ±zÄ±n Hepimiz Adina Ettigi DualarÄ± Kabul Eyle!,13,17,"DATE
"
360739779027017729,Allah'Ä±m Sen BÃ¼gÃ¼n Cuma NamazÄ±nda HocamÄ±zÄ±n Hepimiz Adina Ettigi DualarÄ± Kabul Eyle!,19,22,"DATE
"
360739777504489476,biri ranayi oldursunnnnn,5,8,"PERSON
"
360739777324146688,"""Hayatta bir tek baÅŸarÄ±sÄ±zlÄ±k vardÄ±r, o da denememektir.""  - Robin SHARMA â€” http://t.co/DwIoCtYf44",61,72,"PERSON
"
360739777198297088,Ohhhh aksam emÄ±ne abladayÄ±z kÄ±ymalÄ± sucuklu mantarlÄ± pÄ±deler bÄ±zÄ± bekleerr,12,16,"PERSON
"
360739776950829056,Tolga Zengin gibisini de zor buluruz bir daha,0,11,"PERSON
"
360739775717707776,GALATASARAY'Dan Daha mÄ± DeÄŸerlisin ?,0,10,"ORGANIZATION
"
360739774878846976,PopÃ¼lerin esiri olan kitlelerin her ÅŸeye inandÄ±rÄ±labildiÄŸi bir devir yaÅŸÄ±yoruz. Samiri'nin altÄ±n buzaÄŸÄ± Ã§aÄŸÄ±,80,85,"PERSON
"
360739773100466176,"""YakÄ±nlÄ±k, uzaklÄ±ktan daha sÄ±kÄ±ntÄ±lÄ±dÄ±r. Ã‡Ã¼nkÃ¼ her yakÄ±nlÄ±kta kaybetme korkusu, uzaklÄ±kta ise kavuÅŸma Ã¼midi vardÄ±r."" (Prison Break)""",118,129,"MISC
"
360739773075308544,Duygu teyze cok tatli lan,0,4,"PERSON
"
360739772882354176,BuSevdaÃ–leneKadar GALATASARAYÄ±m  BuSevdaÃ–leneKadar GALATASARAYÄ±m  BuSevdaÃ–leneKadar GALATASARAYÄ±m  BuSevdaÃ–leneKadar GALATASARAYÄ±m,18,28,"ORGANIZATION
"
360739772882354176,BuSevdaÃ–leneKadar GALATASARAYÄ±m  BuSevdaÃ–leneKadar GALATASARAYÄ±m  BuSevdaÃ–leneKadar GALATASARAYÄ±m  BuSevdaÃ–leneKadar GALATASARAYÄ±m,51,61,"ORGANIZATION
"
360739772882354176,BuSevdaÃ–leneKadar GALATASARAYÄ±m  BuSevdaÃ–leneKadar GALATASARAYÄ±m  BuSevdaÃ–leneKadar GALATASARAYÄ±m  BuSevdaÃ–leneKadar GALATASARAYÄ±m,84,94,"ORGANIZATION
"
360739772882354176,BuSevdaÃ–leneKadar GALATASARAYÄ±m  BuSevdaÃ–leneKadar GALATASARAYÄ±m  BuSevdaÃ–leneKadar GALATASARAYÄ±m  BuSevdaÃ–leneKadar GALATASARAYÄ±m,117,127,"ORGANIZATION
"
360739771812814848,Ä°yikiDoÄŸdunAslanYÃ¼rekli SabriSarÄ±oÄŸlu,24,36,"PERSON
"
360739771481468930,AdapazarÄ±'nda oturan varsa gÃ¶ruÅŸebiliriz.,0,8,"LOCATION
"
360740031570259969,Bilkent veya ODTÃœ iÃ§indeki ormanlar yanÄ±yor... Alevler gÃ¶lbaÅŸÄ±ndan gÃ¶zÃ¼kÃ¼yor,0,6,"ORGANIZATION
"
360740031570259969,Bilkent veya ODTÃœ iÃ§indeki ormanlar yanÄ±yor... Alevler gÃ¶lbaÅŸÄ±ndan gÃ¶zÃ¼kÃ¼yor,13,16,"ORGANIZATION
"
360740031570259969,Bilkent veya ODTÃœ iÃ§indeki ormanlar yanÄ±yor... Alevler gÃ¶lbaÅŸÄ±ndan gÃ¶zÃ¼kÃ¼yor,55,61,"LOCATION
"
360740031406682113,Bazen sadece cuma gununu bekledigim icin calistigimi hissediyorum.ne mubarek gunmus:),13,21,"DATE
"
360740284889440256,Anzelle havuz keyfi :),0,4,"PERSON
"
360740284566470656,"BU YAZ BÄ°LEKLERDE ALTININ SÄ°YAH, BEYAZ VE PEMBE HALLERÄ° VAR... http://t.co/kfRRHbuM4A",0,5,"DATE
"
360740535226474497,FurkanÄ± kendisiyle evlendirme merasimine hoÅŸ gelmiÅŸ bulunuyoruz,0,5,"PERSON
"
360740534798647296,bu akÅŸam eminÃ¶nÃ¼ne akanzee D:,0,7,"DATE
"
360740534798647296,bu akÅŸam eminÃ¶nÃ¼ne akanzee D:,9,15,"LOCATION
"
360740532407898113,Bodruma 1 hafta diye gelip 1 ay kalan ilk benim heraldeğŸŒğŸŒğŸŠ,0,5,"LOCATION
"
360740785425104896,ALAYKÃ–Y'DE YANGIN http://t.co/ijbDEPCGJ5,0,6,"LOCATION
"
360741035023929344,RÃ¼yamda Ã§iÄŸdemi gÃ¶rdÃ¼m :D :D,8,13,"PERSON
"
360741033958584321,AltÄ±nolukta olan var mÄ± ?,0,8,"LOCATION
"
360741033652391936,Sabret ki her ÅŸey hissettiÄŸin kadar derin ve sonsuz olsun. Sabret ki her ÅŸey gÃ¶nlÃ¼nce olsun.   Hz MevlÃ¢na,98,104,"PERSON
"
360741032691904512,"pazar gÃ¼nÃ¼ bir an Ã¶nce olsun istiyorum deniz, kum, gÃ¼neÅŸ bekle beni..:))",0,9,"DATE
"
360741032675115008,"Cumartesi yaÄŸÄ±ÅŸlarÄ±n Samsun, Ordu, Sinop, Zonguldak, BartÄ±n ile Kastamonu'nun kuzey ilÃ§elerinde yerel olarak kuvvetli olmasÄ± bekleniyor.",0,8,"DATE
"
360741032675115008,"Cumartesi yaÄŸÄ±ÅŸlarÄ±n Samsun, Ordu, Sinop, Zonguldak, BartÄ±n ile Kastamonu'nun kuzey ilÃ§elerinde yerel olarak kuvvetli olmasÄ± bekleniyor.",21,26,"LOCATION
"
360741032675115008,"Cumartesi yaÄŸÄ±ÅŸlarÄ±n Samsun, Ordu, Sinop, Zonguldak, BartÄ±n ile Kastamonu'nun kuzey ilÃ§elerinde yerel olarak kuvvetli olmasÄ± bekleniyor.",29,32,"LOCATION
"
360741032675115008,"Cumartesi yaÄŸÄ±ÅŸlarÄ±n Samsun, Ordu, Sinop, Zonguldak, BartÄ±n ile Kastamonu'nun kuzey ilÃ§elerinde yerel olarak kuvvetli olmasÄ± bekleniyor.",35,39,"LOCATION
"
360741032675115008,"Cumartesi yaÄŸÄ±ÅŸlarÄ±n Samsun, Ordu, Sinop, Zonguldak, BartÄ±n ile Kastamonu'nun kuzey ilÃ§elerinde yerel olarak kuvvetli olmasÄ± bekleniyor.",42,50,"LOCATION
"
360741032675115008,"Cumartesi yaÄŸÄ±ÅŸlarÄ±n Samsun, Ordu, Sinop, Zonguldak, BartÄ±n ile Kastamonu'nun kuzey ilÃ§elerinde yerel olarak kuvvetli olmasÄ± bekleniyor.",53,58,"LOCATION
"
360741032675115008,"Cumartesi yaÄŸÄ±ÅŸlarÄ±n Samsun, Ordu, Sinop, Zonguldak, BartÄ±n ile Kastamonu'nun kuzey ilÃ§elerinde yerel olarak kuvvetli olmasÄ± bekleniyor.",64,72,"LOCATION
"
360741031261642752,"Okyanusta Ã¶lmez de insan, gider bir kaÅŸÄ±k sevdada boÄŸulur!...(C.SÃ¼reya)",62,69,"PERSON
"
360741030817042432,BuSevdaÃ–leneKadar GALATASARAYÄ±m,18,28,"ORGANIZATION
"
360741030418591744,â¤â¤â¤BuSevdaÃ–leneKadar GALATASARAYÄ±m â¤â¤  â¤â¤â¤BuSevdaÃ–leneKadar GALATASARAYÄ±m â¤â¤,21,31,"ORGANIZATION
"
360741030418591744,â¤â¤â¤BuSevdaÃ–leneKadar GALATASARAYÄ±m â¤â¤  â¤â¤â¤BuSevdaÃ–leneKadar GALATASARAYÄ±m â¤â¤,60,70,"ORGANIZATION
"
360741030284369922,"Herkesi sev, pek azÄ±na gÃ¼ven. ~Shakespeare~",31,41,"PERSON
"
360741029382594561,IYI DOÄDUN AYÃ‡A'MMM,11,14,"PERSON
"
360741029214826496,Stilinize uygun herÅŸey burada..stilburada.com,31,44,"MISC
"
360741028166242304,"""Kaleminizi gerekirse kÄ±rÄ±n, ama satmayÄ±n!.."" | Yeni Ufuk Gazetesi - Kdz. EreÄŸli | Kdz. EreÄŸli, Haber, Haberi  ::. http://t.co/m1dPpn0ENv",48,65,"ORGANIZATION
"
360741028166242304,"""Kaleminizi gerekirse kÄ±rÄ±n, ama satmayÄ±n!.."" | Yeni Ufuk Gazetesi - Kdz. EreÄŸli | Kdz. EreÄŸli, Haber, Haberi  ::. http://t.co/m1dPpn0ENv",69,79,"LOCATION
"
360741028166242304,"""Kaleminizi gerekirse kÄ±rÄ±n, ama satmayÄ±n!.."" | Yeni Ufuk Gazetesi - Kdz. EreÄŸli | Kdz. EreÄŸli, Haber, Haberi  ::. http://t.co/m1dPpn0ENv",83,93,"LOCATION
"
360741291639844866,#5LiramOlsaydÄ± Åuanda mal mal twit atÄ±yor olmazdÄ±mm :DDD,1,5,"MONEY
"
360741288703836161,Åimdi yeni moda dolmuÅŸÃ§ularÄ±n elinde tÄ±r tÄ±r telefonla mesajlaÅŸmasÄ±Ä±Ä±Ä±,0,4,"DATE
"
360741543251939328,Damla tÃ¼rkiye de misin,0,4,"PERSON
"
360741543251939328,Damla tÃ¼rkiye de misin,6,12,"LOCATION
"
360741542933168128,Ay Kadar BÃ¼yÃ¼k Bir GÃ¼lÃ¼cÃ¼k - A Smile as Big as the Moon izle... http://t.co/2pERMgFtPU,0,25,"MISC
"
360741542933168128,Ay Kadar BÃ¼yÃ¼k Bir GÃ¼lÃ¼cÃ¼k - A Smile as Big as the Moon izle... http://t.co/2pERMgFtPU,29,54,"MISC
"
360741542253699074,"""Ä°nsanlarÄ±n da yan etkileri var.. BazÄ±larÄ± baÅŸÄ±nÄ± dÃ¶ndÃ¼rÃ¼rken, bazÄ±larÄ± mideni bulandÄ±rabiliyor.""  N. Parra""",99,106,"PERSON
"
360741541196730368,"Ãœniversiteye gelcek kÄ±zlar eÄŸitim durumunu ulasÄ±mÄ± yurt seceneklerini sorarken erkekler barlarÄ±,kÄ±z ortamlarÄ±nÄ± soruyo #welcometoturkey",129,134,"LOCATION
"
360741794692096000,Uyuyan behlul http://t.co/JD0BKOYngm,7,12,"PERSON
"
360741794243297281,"BÄ°LGÄ° | Trabzonspor KulÃ¼bÃ¼, yeni transferler Florent Malouda ve Jose Bosingwa iÃ§in yarÄ±n imza tÃ¶reni dÃ¼zenleyecek.",8,25,"ORGANIZATION
"
360741794243297281,"BÄ°LGÄ° | Trabzonspor KulÃ¼bÃ¼, yeni transferler Florent Malouda ve Jose Bosingwa iÃ§in yarÄ±n imza tÃ¶reni dÃ¼zenleyecek.",45,59,"PERSON
"
360741794243297281,"BÄ°LGÄ° | Trabzonspor KulÃ¼bÃ¼, yeni transferler Florent Malouda ve Jose Bosingwa iÃ§in yarÄ±n imza tÃ¶reni dÃ¼zenleyecek.",64,76,"PERSON
"
360741794243297281,"BÄ°LGÄ° | Trabzonspor KulÃ¼bÃ¼, yeni transferler Florent Malouda ve Jose Bosingwa iÃ§in yarÄ±n imza tÃ¶reni dÃ¼zenleyecek.",83,87,"DATE
"
360741794222313473,I'm at Efor Kuafor (Istanbul) http://t.co/4mgKoARmHJ,7,17,"LOCATION
"
360741794222313473,I'm at Efor Kuafor (Istanbul) http://t.co/4mgKoARmHJ,20,27,"LOCATION
"
360741793215684609,olduÄŸu iÃ§in Peru'da acÄ± Ã§eken adamdan daha yardÄ±ma muhtaÃ§ ya da Ã¶nemli deÄŸil benim iÃ§ib.Ä°nsana insan olduÄŸu iÃ§in deÄŸer vermeyi Ã¶ÄŸrenin.,12,15,"LOCATION
"
360741792699777025,Ä°nsanlk bugÃ¼nde para karÅŸlÄŸnda deÄŸr kaybetti.,8,12,"DATE
"
360742046786543616,"FB KaptanÄ± b.Emre, yeni sezona yeni arabayla giriyor. Emre'nin yeni oyuncaÄŸÄ±, sadece 684 bin EU, yani 1.745.000 Lira. http://t.co/B3UwITjj8g",0,1,"ORGANIZATION
"
360742046786543616,"FB KaptanÄ± b.Emre, yeni sezona yeni arabayla giriyor. Emre'nin yeni oyuncaÄŸÄ±, sadece 684 bin EU, yani 1.745.000 Lira. http://t.co/B3UwITjj8g",13,16,"PERSON
"
360742046786543616,"FB KaptanÄ± b.Emre, yeni sezona yeni arabayla giriyor. Emre'nin yeni oyuncaÄŸÄ±, sadece 684 bin EU, yani 1.745.000 Lira. http://t.co/B3UwITjj8g",54,57,"PERSON
"
360742046786543616,"FB KaptanÄ± b.Emre, yeni sezona yeni arabayla giriyor. Emre'nin yeni oyuncaÄŸÄ±, sadece 684 bin EU, yani 1.745.000 Lira. http://t.co/B3UwITjj8g",85,94,"MONEY
"
360742046786543616,"FB KaptanÄ± b.Emre, yeni sezona yeni arabayla giriyor. Emre'nin yeni oyuncaÄŸÄ±, sadece 684 bin EU, yani 1.745.000 Lira. http://t.co/B3UwITjj8g",102,115,"MONEY
"
360742044383191041,DÃ¶nerci Nuri Usta whatsapp aÃ§mÄ±ÅŸ yok artÄ±k :D:D:D:D:D:D:d,8,11,"PERSON
"
360742044383191041,DÃ¶nerci Nuri Usta whatsapp aÃ§mÄ±ÅŸ yok artÄ±k :D:D:D:D:D:D:d,18,25,"MISC
"
360742043733073921,YAZ TATÄ°LÄ°M OLMUÅ TWÄ°TTER,18,24,"ORGANIZATION
"
360742296574111746,Atesim 39... Ucagin kapisindan kusarak ciktim.. Istanbula gelemedim... :(,48,55,"LOCATION
"
360742547502538752,ÃœzÃ¼ldÃ¼m ki ÅŸimdiye kadar hayallerimin peÅŸinde koÅŸmamÄ±ÅŸÄ±m...  /blush/,11,15,"DATE
"
360742546839846912,"KIRKLARELÄ° (AA) â€“ LÃ¼leburgaz ilÃ§esinde dÃ¼zenlenen operasyonda, 46 paket halinde 46 gram bonzai ele geÃ§irildi.",0,9,"LOCATION
"
360742546839846912,"KIRKLARELÄ° (AA) â€“ LÃ¼leburgaz ilÃ§esinde dÃ¼zenlenen operasyonda, 46 paket halinde 46 gram bonzai ele geÃ§irildi.",12,13,"ORGANIZATION
"
360742546839846912,"KIRKLARELÄ° (AA) â€“ LÃ¼leburgaz ilÃ§esinde dÃ¼zenlenen operasyonda, 46 paket halinde 46 gram bonzai ele geÃ§irildi.",18,34,"LOCATION
"
360742546487521281,"ACÄ°L RT: ANKARA GATA ACÄ°L Yogun Bakimda yatmakta olan ""ALÄ° YÄ°LMAZ"" icin 0rh(-) Kana ihtiyac vardir.05376368555",9,14,"LOCATION
"
360742546487521281,"ACÄ°L RT: ANKARA GATA ACÄ°L Yogun Bakimda yatmakta olan ""ALÄ° YÄ°LMAZ"" icin 0rh(-) Kana ihtiyac vardir.05376368555",16,19,"ORGANIZATION
"
360742546487521281,"ACÄ°L RT: ANKARA GATA ACÄ°L Yogun Bakimda yatmakta olan ""ALÄ° YÄ°LMAZ"" icin 0rh(-) Kana ihtiyac vardir.05376368555",55,64,"PERSON
"
360742544071606272,Ä°stanbulla ilgili bir hayalim vardÄ± sanÄ±rÄ±m hayal oldu.,0,7,"LOCATION
"
360742542133833729,#justice4jyjalready hergÃ¼nÃ¼m twitterda geÃ§iyo taglarda geziyom len,29,35,"ORGANIZATION
"
360742539470450688,mesajÄ± aldÄ±m Ahmet Bayram ;),13,24,"PERSON
"
360742537427820546,Ä°zmir'i Ã¶zlemekten kafaya sÄ±kÄ±cam.,0,4,"LOCATION
"
360742536987414531,TiÅŸÃ¶rtlerin ense tarafÄ±ndaki kÃ¼Ã§Ã¼k etiketleri yetmiyormuÅŸ gibi iÃ§e Orhun Kitabeleri gibi dokÃ¼man yerleÅŸtirin.,67,71,"PERSON
"
360742801245339648,BaÅŸbakana kendine gazeteci muhabir diyenlerden bir tanesi ÅŸu soruyu soramadÄ±; PKK doÄŸuda Kaymakam atamalarÄ± ve vergi topluyor ne dersiniz?,78,80,"ORGANIZATION
"
360742800687505408,Ä°yikiDoÄŸdunAslanYÃ¼rekli SabriSarÄ±oÄŸlu adamn dibisin,24,36,"PERSON
"
360743052949733376,"spordan birinin fb Ã¼zerinden ""slm"" diye mesaj atmasÄ±nÄ± anlarÄ±m da... aynÄ± binada Ã§alÄ±ÅŸtÄ±ÄŸÄ±n bir adamdan? in aÅŸaÄŸÄ±ya yapÄ±ÅŸtÄ±r suratÄ±na yani.",16,17,"ORGANIZATION
"
360743301881659392,"BÃ¼tÃ¼n GÃ¼zel Ä°nsanlara HayÄ±rlÄ± Cumalar, Huzurlu Ramazanlar :)",30,33,"DATE
"
360743808763297794,EDÄ°RNE (AA) - Enez'de dÃ¼zenlenen operasyonda 7 bavul kaÃ§ak ilaÃ§ ele geÃ§irildi.,0,5,"LOCATION
"
360743808763297794,EDÄ°RNE (AA) - Enez'de dÃ¼zenlenen operasyonda 7 bavul kaÃ§ak ilaÃ§ ele geÃ§irildi.,8,9,"ORGANIZATION
"
360743808763297794,EDÄ°RNE (AA) - Enez'de dÃ¼zenlenen operasyonda 7 bavul kaÃ§ak ilaÃ§ ele geÃ§irildi.,14,17,"LOCATION
"
360743808092221441,#yarÄ±ngecolmadan geÃ§ olsada su akar yolunu bulur...,1,5,"DATE
"
360743807953805312,REINA DAN ESKÄ° PERSONELLERÄ°M BANA ULAÅIN..HEPÄ°NÄ°ZE YAZAMIYORUM KUSURUMA BAKMAYIN....,0,4,"LOCATION
"
360743807463079936,Roccat'Ä±n yeni oyuncu faresi http://t.co/mINTiju4AU,0,5,"ORGANIZATION
"
360743806469029889,FENERBAHÃ‡E TV VE RADYOSUNDA ALEX DE SOUZA VE CORÄ°TÄ°BA TAKIMINA UYGULANAN ÅEREFSÄ°ZCE SANSÃœR HALA DEVAM ETMEKTEDÄ°R..BESLEMELER Ä°SE SESSÄ°ZDÄ°R7,0,12,"ORGANIZATION
"
360743806469029889,FENERBAHÃ‡E TV VE RADYOSUNDA ALEX DE SOUZA VE CORÄ°TÄ°BA TAKIMINA UYGULANAN ÅEREFSÄ°ZCE SANSÃœR HALA DEVAM ETMEKTEDÄ°R..BESLEMELER Ä°SE SESSÄ°ZDÄ°R7,28,40,"PERSON
"
360743806469029889,FENERBAHÃ‡E TV VE RADYOSUNDA ALEX DE SOUZA VE CORÄ°TÄ°BA TAKIMINA UYGULANAN ÅEREFSÄ°ZCE SANSÃœR HALA DEVAM ETMEKTEDÄ°R..BESLEMELER Ä°SE SESSÄ°ZDÄ°R7,45,59,"ORGANIZATION
"
360743806401904640,BeÅŸiktaÅŸ'a ikinci Iverson gelmiÅŸ. Bir zamanlar bunun Allen versiyonu vardÄ± di mi.,0,7,"ORGANIZATION
"
360743806401904640,BeÅŸiktaÅŸ'a ikinci Iverson gelmiÅŸ. Bir zamanlar bunun Allen versiyonu vardÄ± di mi.,18,24,"PERSON
"
360743806401904640,BeÅŸiktaÅŸ'a ikinci Iverson gelmiÅŸ. Bir zamanlar bunun Allen versiyonu vardÄ± di mi.,53,57,"PERSON
"
360743806129295361,Kefenlerini alÄ±pta Ã§Ä±kmÄ±ÅŸlar yola... #Egypt #MÄ±sÄ±r http://t.co/MeWBz5uujF,38,42,"LOCATION
"
360743806129295361,Kefenlerini alÄ±pta Ã§Ä±kmÄ±ÅŸlar yola... #Egypt #MÄ±sÄ±r http://t.co/MeWBz5uujF,45,49,"LOCATION
"
360744059108724736,DÃ¼nden beri iÃ§tiÄŸim sigara be kahvenin haddi hesabÄ± yok,0,2,"DATE
"
360744057770754048,Canerle bÃ¼tÃ¼n ayvalÄ±ÄŸÄ± turladÄ±k ÅŸimdi deniz zamanÄ±,0,4,"PERSON
"
360744057770754048,Canerle bÃ¼tÃ¼n ayvalÄ±ÄŸÄ± turladÄ±k ÅŸimdi deniz zamanÄ±,14,20,"LOCATION
"
360744057770754048,Canerle bÃ¼tÃ¼n ayvalÄ±ÄŸÄ± turladÄ±k ÅŸimdi deniz zamanÄ±,32,36,"DATE
"
360744057212895232,#yarÄ±ngecolmadan  Trabzon'un Ã§alÄ±nan kupasÄ± verilsin.TÃ¼pÃ§Ã¼ istifa etsin.ÅŸike cezalarÄ± verilsin.,1,5,"DATE
"
360744057212895232,#yarÄ±ngecolmadan  Trabzon'un Ã§alÄ±nan kupasÄ± verilsin.TÃ¼pÃ§Ã¼ istifa etsin.ÅŸike cezalarÄ± verilsin.,18,24,"LOCATION
"
360744057212895232,#yarÄ±ngecolmadan  Trabzon'un Ã§alÄ±nan kupasÄ± verilsin.TÃ¼pÃ§Ã¼ istifa etsin.ÅŸike cezalarÄ± verilsin.,53,57,"PERSON
"
360744056285958151,I'm at SGK BalÃ§ova http://t.co/hYd57FmP6E,7,9,"ORGANIZATION
"
360744056285958151,I'm at SGK BalÃ§ova http://t.co/hYd57FmP6E,11,17,"LOCATION
"
360744053563858944,facede dolaÅŸÄ±rken ben sabrinin bir malÄ±ÄŸna fena gÃ¼ldÃ¼m (ulan sabri ):):):):):):):)::):)yine gÃ¼ldÃ¼rdÃ¼n( sabri reyis ):):):):)):D,0,3,"ORGANIZATION
"
360744053563858944,facede dolaÅŸÄ±rken ben sabrinin bir malÄ±ÄŸna fena gÃ¼ldÃ¼m (ulan sabri ):):):):):):):)::):)yine gÃ¼ldÃ¼rdÃ¼n( sabri reyis ):):):):)):D,22,26,"PERSON
"
360744053563858944,facede dolaÅŸÄ±rken ben sabrinin bir malÄ±ÄŸna fena gÃ¼ldÃ¼m (ulan sabri ):):):):):):):)::):)yine gÃ¼ldÃ¼rdÃ¼n( sabri reyis ):):):):)):D,61,65,"PERSON
"
360744053563858944,facede dolaÅŸÄ±rken ben sabrinin bir malÄ±ÄŸna fena gÃ¼ldÃ¼m (ulan sabri ):):):):):):):)::):)yine gÃ¼ldÃ¼rdÃ¼n( sabri reyis ):):):):)):D,103,107,"PERSON
"
360744051538001922,"Hitleri bu yÃ¼zden seviyorum,2 kiÅŸi Ã§ocuk sevecek diye nesiller boyu acÄ± Ã§eken kÃ¶r sakat otistik insanlar.Kim bencil?",0,5,"PERSON
"
360744051491876865,Hay senin galatasarayin batsin ya yeter ulan,10,20,"ORGANIZATION
"
360744308426539008,Eren bu akÅŸam parka gelsiiin nolur gelsin lÃ¼tfen gelsÄ±n,0,3,"PERSON
"
360744308426539008,Eren bu akÅŸam parka gelsiiin nolur gelsin lÃ¼tfen gelsÄ±n,5,12,"DATE
"
360744308137140224,Zaten bence koreografi konusunda SM gruplarÄ±nÄ± bide infinite'i kimse geÃ§emez,52,59,"MISC
"
360744304374857728,HayatÄ±mÄ±n %101'i mÃ¼zik dinlemekle geÃ§iyor.,10,13,"PERCENT
"
360744303435321344,baÅŸbakan ÅŸike konusunda noktayÄ± koydu fenerbahÃ§e yok kume  dÃ¼ÅŸsÃ¼n ceza alsÄ±n bunlar doÄŸru ÅŸeyler deÄŸil demiÅŸ tÃ¼zel kiÅŸiler ceza alsÄ±n demiÅŸ,38,47,"ORGANIZATION
"
360744302000881664,Dabbeyi izliyorum ve sizce korktummu?? TABÄ°KÄ°DE HAYIR XDXDDXDD,0,4,"MISC
"
360744301820522498,YAZ TATÄ°LÄ°M OLMUÅ TWÄ°TTER,18,24,"ORGANIZATION
"
360744301409472514,"haftaya bu saatlerde gumusluk'te yaticam! bunu dusunerek, katlanabilirim...",21,28,"LOCATION
"
360744300860014595,RÃ¼yamda full cast Game of Thrones gÃ¶rdÃ¼m FULL CAST ama hepsi ayrÄ± bi ÅŸey yapÄ±yodu sirk gibi aman tanrÄ±m. Robb Stark'Ä± Ã§ok net hatÄ±rlÄ±yorumd:,18,32,"MISC
"
360744300860014595,RÃ¼yamda full cast Game of Thrones gÃ¶rdÃ¼m FULL CAST ama hepsi ayrÄ± bi ÅŸey yapÄ±yodu sirk gibi aman tanrÄ±m. Robb Stark'Ä± Ã§ok net hatÄ±rlÄ±yorumd:,105,114,"PERSON
"
360744299987599361,BugÃ¼n dÃ¼nÃ¼n aynÄ±sÄ±,0,4,"DATE
"
360744299987599361,BugÃ¼n dÃ¼nÃ¼n aynÄ±sÄ±,6,8,"DATE
"
360744299912114176,#beÅŸiktaÅŸ 3 - # galatasaray 3 emek hÄ±rsÄ±zÄ± burak YÄ±lmaz http://t.co/lOWcWwLZcT,1,8,"ORGANIZATION
"
360744299912114176,#beÅŸiktaÅŸ 3 - # galatasaray 3 emek hÄ±rsÄ±zÄ± burak YÄ±lmaz http://t.co/lOWcWwLZcT,16,26,"ORGANIZATION
"
360744299912114176,#beÅŸiktaÅŸ 3 - # galatasaray 3 emek hÄ±rsÄ±zÄ± burak YÄ±lmaz http://t.co/lOWcWwLZcT,43,54,"PERSON
"
360744299425583104,Ramazan Ä°stanbul'da bir baÅŸka gÃ¼zel... http://t.co/eKhLTv8vT4,8,15,"LOCATION
"
360744297965953024,Dursun Ali ErzincanlÄ± TÃ¶vbe Kapisi 2012 yeni C o k g Ã¼ z e l http://t.co/MLfLlS5aU1,0,20,"PERSON
"
360744297965953024,Dursun Ali ErzincanlÄ± TÃ¶vbe Kapisi 2012 yeni C o k g Ã¼ z e l http://t.co/MLfLlS5aU1,35,38,"DATE
"
360744296044965888,"Bu demektir ki en iyi ihtimalle Tolgahan ilk hafta yok, sonrasÄ± Allah Kerim. Yeni Kalecii transferi yapÄ±lacak mÄ±? Bence Ã§ok acil yapÄ±lmalÄ±.",32,39,"PERSON
"
360744296036569088,DilooÅŸ hemen bze gel knk,0,5,"PERSON
"
360744295176749058,Beni bugun hali sahaya cagirana mac yaptirana helalinden 50 lira,5,9,"DATE
"
360744295176749058,Beni bugun hali sahaya cagirana mac yaptirana helalinden 50 lira,57,63,"MONEY
"
360744295113818114,Tatil Ã¶devlerini yapan arkadaÅŸlarÄ±m varsa ÅŸimdiden sÃ¶yleyin sizi daha az sevicem,42,46,"DATE
"
360744295109640193,Tel gibi gerilen TÃ¼rkiye! http://t.co/67Bvnj2PlZ,17,23,"LOCATION
"
360744293855535107,HayÄ±rlÄ± Cumalar,8,11,"DATE
"
360744561896734720,SAYIN BNAÅKANIMIZ EMRE AYDARLA GRURDUYOR,18,27,"PERSON
"
360744813051645952,"#halicyatlimani Proje ile dÃ¼nya baÅŸkentlerinden biri olan Ä°stanbulâ€™a yeni konser, tiyatro ve kÃ¼ltÃ¼r merkezleri kazandÄ±rÄ±lÄ±yor.",1,14,"LOCATION
"
360744813051645952,"#halicyatlimani Proje ile dÃ¼nya baÅŸkentlerinden biri olan Ä°stanbulâ€™a yeni konser, tiyatro ve kÃ¼ltÃ¼r merkezleri kazandÄ±rÄ±lÄ±yor.",58,65,"LOCATION
"
360744813047455745,BaÅŸbakan Recep Tayyip ErdoÄŸan: Ben her takÄ±ma eÅŸit mesafedeyim fakat kÃ¼Ã§Ã¼klÃ¼ÄŸÃ¼mden beri FenerbahÃ§e'ye duyduÄŸum muhabbet malum.,9,28,"PERSON
"
360744813047455745,BaÅŸbakan Recep Tayyip ErdoÄŸan: Ben her takÄ±ma eÅŸit mesafedeyim fakat kÃ¼Ã§Ã¼klÃ¼ÄŸÃ¼mden beri FenerbahÃ§e'ye duyduÄŸum muhabbet malum.,88,97,"ORGANIZATION
"
360744812611248129,DiÅŸÃ§i motoru gibisin sen firuze,25,30,"PERSON
"
360744811524915200,"Misafir geldiÄŸinde, gidene kadar odandan Ã§Ä±kmak istemediÄŸin iÃ§in odada yemeksiz susuz verdiÄŸin o mÃ¼cadele survivordan beter.",106,113,"MISC
"
360744809494872064,TORUNLAR GYO Ä°LK ALTI AYDA 97 MÄ°LYON TL KÃ‚R AÃ‡IKLADI   http://t.co/RY28CR5pMU,0,11,"ORGANIZATION
"
360744809494872064,TORUNLAR GYO Ä°LK ALTI AYDA 97 MÄ°LYON TL KÃ‚R AÃ‡IKLADI   http://t.co/RY28CR5pMU,27,38,"MONEY
"
360744809301942272,"I'm at TRT Ä°stanbul Radyosu (Ä°stanbul, TÃ¼rkiye) w/ 5 others http://t.co/zaReiHw5ay",7,9,"ORGANIZATION
"
360744809301942272,"I'm at TRT Ä°stanbul Radyosu (Ä°stanbul, TÃ¼rkiye) w/ 5 others http://t.co/zaReiHw5ay",11,26,"ORGANIZATION
"
360744809301942272,"I'm at TRT Ä°stanbul Radyosu (Ä°stanbul, TÃ¼rkiye) w/ 5 others http://t.co/zaReiHw5ay",29,36,"LOCATION
"
360744809301942272,"I'm at TRT Ä°stanbul Radyosu (Ä°stanbul, TÃ¼rkiye) w/ 5 others http://t.co/zaReiHw5ay",39,45,"LOCATION
"
360744808031064064,"BaÅŸbakan ErdoÄŸan,  Suriye'den, MÄ±sÄ±r'a, Times'daki ilandan, CAS davasÄ±na kadar bir Ã§ok konuya aÃ§Ä±klÄ±k getirdi! http://t.co/5htEe3TRME",9,15,"PERSON
"
360744808031064064,"BaÅŸbakan ErdoÄŸan,  Suriye'den, MÄ±sÄ±r'a, Times'daki ilandan, CAS davasÄ±na kadar bir Ã§ok konuya aÃ§Ä±klÄ±k getirdi! http://t.co/5htEe3TRME",19,24,"LOCATION
"
360744808031064064,"BaÅŸbakan ErdoÄŸan,  Suriye'den, MÄ±sÄ±r'a, Times'daki ilandan, CAS davasÄ±na kadar bir Ã§ok konuya aÃ§Ä±klÄ±k getirdi! http://t.co/5htEe3TRME",31,35,"LOCATION
"
360744808031064064,"BaÅŸbakan ErdoÄŸan,  Suriye'den, MÄ±sÄ±r'a, Times'daki ilandan, CAS davasÄ±na kadar bir Ã§ok konuya aÃ§Ä±klÄ±k getirdi! http://t.co/5htEe3TRME",40,44,"ORGANIZATION
"
360744806747602944,Ã¶lÃ¼mÃ¼ne fenerbahÃ§ee,8,18,"ORGANIZATION
"
360745065859133442,Hadi artik bari bu sefer meydana gelin #bodrummeydan,40,51,"LOCATION
"
360745065674571776,"Merve'yi cok seviyorum,herseyden.",0,4,"PERSON
"
360745065297084416,"""Senin iÃ§in yapraklarÄ±nÄ± kopardÄ±ÄŸÄ±m papatyalardan Ã¶zÃ¼r diledim dÃ¼n gece. HaklÄ±sÄ±nÄ±z dedim, ne sevdiÄŸi belli, ne sevmediÄŸi.""",63,70,"DATE
"
360745065133514752,"anlamadÄ±ÄŸÄ±m ÅŸu, adamlarÄ±n inadÄ± inat. 15mil euro yu peÅŸin istiyorlar, neden inatlaÅŸÄ±yorsun, ver istedikleri parayÄ± al adamÄ±.",38,47,"MONEY
"
360745064642777089,Merve Amerikaya yolladik 1 aydir odasi dagilmiyor. Mutlulugumu paylasmak istedim.,0,4,"PERSON
"
360745064642777089,Merve Amerikaya yolladik 1 aydir odasi dagilmiyor. Mutlulugumu paylasmak istedim.,6,12,"LOCATION
"
360745064252702720,Mete durmadan mesaj attÄ±ÄŸÄ± iÃ§in telefonumu sÄ±tma tutu,0,3,"PERSON
"
360745063959105536,bu yÄ±l kÄ±rmÄ±zÄ± forma yok mu beÅŸikaÅŸÄ±mÄ±zÄ±n,0,5,"DATE
"
360745063959105536,bu yÄ±l kÄ±rmÄ±zÄ± forma yok mu beÅŸikaÅŸÄ±mÄ±zÄ±n,28,34,"ORGANIZATION
"
360745317014052864,Bir yÄ±l sonra bende  kazandÄ±ÄŸÄ±m Ã¼niversiteyi yazmak istiyorum.,0,12,"DATE
"
360745568882008065,TURAN TOK: GÄ°YÄ°LEN GÃ–MLEK KÄ°MÄ°N? http://t.co/jjOsP2RTJw,0,8,"PERSON
"
360745567959257089,#ankaraahlatlÄ±belyanÄ±yor mÃ¼dahale gecikti YANGIN Ã§amlarÄ± sardÄ± ve vasiye iniyor hala etkili mÃ¼dahale yok http://t.co/f3EsbCEJiC,1,6,"LOCATION
"
360745567959257089,#ankaraahlatlÄ±belyanÄ±yor mÃ¼dahale gecikti YANGIN Ã§amlarÄ± sardÄ± ve vasiye iniyor hala etkili mÃ¼dahale yok http://t.co/f3EsbCEJiC,7,16,"LOCATION
"
360745567363670018,AkÅŸam iftarda maalesef Balta LimanÄ± :),23,34,"LOCATION
"
360745567233650688,DeryanÄ±n isyanÄ±ndan sonra uyuduÄŸum doÄŸru,0,4,"PERSON
"
360745565434298368,Harry'de astÄ±m var bendede vardÄ± bi aralar fÄ±sfÄ±s falan kullanÄ±yodum nefesim daralÄ±yodu :D:D,0,4,"PERSON
"
360745565346201600,"GÃ¼nÃ¼mÃ¼zde, evlenenlerin yÃ¼zde ellisi boÅŸanmaktadÄ±r.",24,33,"PERCENT
"
360745563798507520,#EkinistSeniSeviyorEkinKoÃ§ benden gÃ¼nah gitti siz kaÅŸÄ±ndÄ±nÄ±z,19,25,"PERSON
"
360745820154372099,Bu YanlÄ±ÅŸlar GerÃ§ekten YakÄ±yor Â« KARÅIYAKA PORTALI http://t.co/hRuGfX9Htm,33,41,"LOCATION
"
360745816505319425,''DÃ¼nya ahiretin tarlasÄ±dÄ±r. Sizde takva tohumu ekerseniz ahirette karÅŸÄ±lÄ±ÄŸÄ±nÄ± alÄ±rsÄ±nÄ±z.''  Hz Gavs-i Sani,96,106,"PERSON
"
360745815473528832,TEYZESÄ°NÄ°N BÄ°TER CÄ°KOLATASI YAÄMUR http://t.co/Z38maHjvpe,28,33,"PERSON
"
360745815293165568,Adalet mulkun temelidir gibi ÅŸeyler mi sÃ¶yleyeceÄŸiz biz ÅŸimdi. ..,56,60,"DATE
"
360745812139053057,Teyzeler bile india da akarkene biz hala ptt,14,18,"LOCATION
"
360745812139053057,Teyzeler bile india da akarkene biz hala ptt,41,43,"ORGANIZATION
"
360745810952073217,"""Bir gece ansÄ±zÄ±n gelir krallÄ±ÄŸÄ±nÄ±zÄ± imparatorluÄŸuma katarÄ±m."" [ Fatih Sultan Mehmet ]",65,83,"PERSON
"
360745809324675073,Adalaet ve KalkÄ±nma Partisi Genel BaÅŸkanÄ± ve BaÅŸbakan olan birisinin adalete karÅŸÄ± bu kadar net tavÄ±r almasÄ± akÄ±l almaz.,0,26,"ORGANIZATION
"
360746073511301120,-Ä°yi gÃ¼nler AlgÄ± KÄ±z Ã–gr. Yurdumu?? -Yoo malesef bi okul olduk... ğŸ˜³ğŸ˜‚,12,30,"LOCATION
"
360746071716147202,ArkasÄ±ndan atÄ±p tutuyordun ne oldu gÃ¼zelim simdi ?,43,47,"DATE
"
360746071661613058,En bÃ¼yÃ¼k hayalim de KÃ¼bra ve Rabia'yla ev arkadaÅŸÄ± olmak,20,24,"PERSON
"
360746071661613058,En bÃ¼yÃ¼k hayalim de KÃ¼bra ve Rabia'yla ev arkadaÅŸÄ± olmak,29,33,"PERSON
"
360746070726279168,Ã¼ÅŸengeÃ§lik kulÃ¼bÃ¼ kurucam ama ÅŸimdi deÄŸil,30,34,"DATE
"
